{
  "model_type": "logistic_regression_credit_decisioning_synthetic",
  "features": [
    "duration_months",
    "credit_amount",
    "installment_rate_pct",
    "age_years",
    "existing_credits",
    "num_dependents",
    "checking_status_score",
    "savings_status_score",
    "employment_years",
    "credit_history_score"
  ],
  "normalization": {
    "mu": [
      38.334427,
      10240.027758,
      2.492347,
      46.324874,
      1.996,
      0.4816,
      1.504641,
      1.986847,
      14.776254,
      1.978831
    ],
    "sigma": [
      19.44948,
      5734.084411,
      0.868225,
      16.182438,
      0.820965,
      0.499661,
      0.870143,
      1.154691,
      8.663364,
      1.153833
    ]
  },
  "float_weights": [
    -1.56893449,
    -1.38893843,
    -0.99464792,
    0.67682392,
    -0.40044105,
    -0.24699627,
    2.35822321,
    1.9546601,
    1.00551222,
    2.26448646
  ],
  "float_bias": -0.83998245,
  "quantization": {
    "quant_method": "static-linear",
    "bits": 8,
    "scale": 0.018568686683702897,
    "zero_point": 0,
    "granularity": "per-tensor",
    "fixp_shift": 16,
    "int8_weights": [
      -84,
      -75,
      -54,
      36,
      -22,
      -13,
      127,
      105,
      54,
      122
    ],
    "int32_bias_fixp": -2964619,
    "threshold_fixp": 0
  },
  "disclosure": "Synthetic demand-test model. NOT fit for regulatory credit decisioning use. Proves only that THIS fixed quantized model produced THIS score from THESE inputs."
}